id,sequence
6peu_M-A,GRLGFYGYDLQD:MDIKYKLASYRICSPEETFEKIQEALKKIETVEIKNIQHLDKVNIPVYYLKRRVVVDGKEGIAIHYGKGANDIQAKVSACMEAIERFSASYDKNKVKEKPDNPINVEDLILPQYADKNVKEWVEGIDIINNETIDVPADAVFYPTSGKLFRGNTNGLASGNNLDEAILHATLEIIERDAWSLADLARKIPTKINPEDAKNPLIHELIEKYEKAGVKIILKDLTSEFEIPVVAAISDDLSKNPLMLCVGVGCHLHPEIAILRALTEVAQSRASQLHGFRRDAKLREEFTSKIPYERLKRIHRKWFEFEGEINIADMPNNARYDLKKDLKFIKDKLSEFGFDKLIYVDLNKVGVDAVRVIIPKMEVYTIDRDRLSRRAFERVKKLYY
6r7w_B-A,KRDPVYFIKLSTIK:RSVPSSTILIPVVVHVVYNNSAQNISDAQIISQIQVLNEDFRRMNADQANTPSAFANLAGNANIEFKLARRDPNGNTTNGITRTSTSTETFSMEMDNVKFSNLGGNNAWNTRRYLNIWVCNLGDDLLGYAQFPFEFQTKPNTDGVVIHYKHFGRDGSAESPYDKGRTATHEVGHWLDLRHIWGDDGGSCSGTDNIADTPNQGGYNEGCPSFPKTDHCTNTSPGVMFMNYMDYTYDACMNLFTKGQVERMRSLFDTQTGIRREMQIYANELTNPLSFS
6sen_L-A,XVPMRKRQLPASFWEEPX:GPRSVASSKLWMLEFSAFLEQQQDPDTYNKHLFVHIGQSSPSYSDPYLEAVDIRQIYDKFPEKKGGLKDLFERGPSNAFFLVKFWADLNTNIEDEGSSFYGVSSQYESPENMIITCSTKVCSFGKQVVEXVETEYARYENGHYSYRIHRSPLCEYMINFIHKLKHLPEKYMMNSVLENFTILQVVTNRDTQETLLCIAYVFEVSASEHGAQHHIYRLVKE
6i51_I-H,GDFEEIPEEYLQ:IVEGSDAEIGMSPWQVMLFRKSPQELLCGASLISDRWVLTAAHCLLYPPWDKNFTENDLLVRIGKHSRTRYERNIEKISMLEKIYIHPRYNWRENLDRDIALMKLKKPVAFSDYIHPVCLPDRETAASLLQAGYKGRVTGWGNLKETWTANVGKGQPSVLQVVNLPIVERPVCKDSTRIRITDNMFCAGYKPDEGKRGDACEGDSGGPFVMKSPFNNRWYQMGIVSWGEGCDRDGKYGFYTHVFRLKKWIQKVIDQFGE
6itm_B-A,KDHQLLRYLLDKDE:MGHHHHHHGSTELTPDQQTLLHFIMDSYNKQRMPQEITNKILKEAFSAEENFLILTEMATNHVQVLVEFTKKLPGFQTLDHEDQIALLKGSAVEAMFLRSAEIFNKKLPSGHSDLLEARIRNSGISDEYITPMFSFYKSIGELKMTQEEYALLTAIVILSPDRQYIKDREAVEKLQEPLLDVLQKLCKIHQPENPQHFACLLGRLTELRTFNHHHAEMLMSWRVNDHKFTPLLCEIWDVQ
6j8o_C-B,GEEEGEEY:MDEATWERMWKHVAKIHPDGEKVAQRIRGATDLPKIPIPSVPTFQPSTPVPERLEAVQRYIRELQYNHTGTQFFEIKKSRPLTGLMDLAKEMTKEALPIKSLEAVILGIYLTNSMPTLERFPISFKTYFSGNYFRHIVLGVNFAGRYGALGMSRREDLMYKPPAFRTLSELVLDFEAAYGRCWHVLKKVKLGQSVSHDPHSVEQIEWKHSVLDVERLGRDDFRKELERHARDMRLKIG
6spb_1-F,KADIHPTYEAIEATCSCGNVIKTRSTLCKPI:RLKELYRKEIAPKLKEELQLANVMEVPRVTKITLNMGLGEAVGDKKIIENAVADLEKITGQKPVVTYARKSIAGFKIAAGWPIGVKVTLRSDRMYEFLDRLLSISLPRVRDFRGLNAKSFDGRGNYSMGVKEQIIFPEIDYDKIDALRGLDITLTTTARTDDEGRALLRAFKFP
6sw9_0-7,MKRRPRKWKKKGRMRWKWIKKRIRRLKRQRKKERGL:AWPKVQPEVNIGVVGHVDHGKTTLVQAITGIWTSKHSEELKRGMTIKLGYAETNIGVCESCKKPEAYVTEPSCKSCGSDDEPKFLRRISFIDAPGHEVLMATMLSGAALMDGAILVVAANEPFPQPQTREHFVALGIIGVKNLIIVQNKVDVVSKEEALSQYRQIKQFTKGTWAENVPIIPVSALHKINIDSLIEGIEEYIKTPYRDLSQKPVMLVIRSFDVNKPGTQFNELKGGVIGGSIIQGLFKVDQEIKVLPGLRVEKQGKVSYEPIFTKISSIRFGDEEFKEAKPGGLVAIGTYLDPSLTKADNLLGSIITLADAEVPVLWNIRIKYNLLERVVGAKEMLKVDPIRAKETLMLSVGSSTTLGIVTSVKKDEIEVELRRPVAVWSNNIRTVISRQIAGRWRMIGWGLVEI
6uyo_B-A,GSGAGEAEERVVVISSSEDSDAENSSSRY:GSKEGEYIKLKVIGQDSSEIHFKVKMTTHLKKLKESYAQRQGVPMNSLRFLFEGQRIADNHTPKELGMEEEDVIEVYQEQTGG
6hqu_I-A,KLNVSTEALQKAVKLFSDIENISVNSSAFSGFSTASGK:MATIGRISTGSKSLDKLLGGGIETQAITEVFGEFGSGKTQLAHTLAVMVQLPPEEGGLNGSAMYIDTENTFRPERLREIAQNRGLDPDEVLDNVAYARAFNSNHQMQLLYQASAMMVESLNTDRPYKLLIVDSLTSHFRSEYIGRGALAERQQKLARFLRMLHRLANEFDIAVFVTNQVQANGGHILAHSATLRVYLRKGKGGKRIARLIDAPHLPEGEAVFSITEKGIED
6nq3_D-B,LSKRKPKTEDFLTFLCLRG:MEHVQADHELFLQAFEKPTQIYRFLRTRNLIAPIFLHRTLTYMSHRNSRTNIKRKTFKVDDMLSKVEKMKGEQESHSLSAHLQLTFTGFFHKNDKPSPNSENEQNSVTLEVLLVKVCHKKRKDVSCPIRQVPTGKKQVPLNPDLNQTKPGNFPSLAVSSNEFEPSNSHMVKSYSLLFRVTRPGRREFNGMINGETNENIDVNEELPARRKRNREDGEKTFVAQMTVFDKNRRLQLLDGEYEVAMQEMEECPISKKRATWETILDGKRLPPFETFSQGPTLQFTLRWTGETNDKSTAPIAKPLATRNSESLHQENKPGSVKPTQTIAVKESLTTDLQTRKEKDTPNENRQKLRIFYQFLYNNNTRQQTEARDDLHCPWCTLNCRKLYSLLKHLKLCHSRFIFNYVYHPKGARIDVSINECYDGSYAGNPQDIHRQPGFAFSRNGPVKRTPITHILVCRPKRTKASMSEFLEWSHPQFEK
6rpr_G-D,DNYADLSDTELTTLLRRYNIPHGPVVGSTRRLYEKKIFEYEIQ:TSQKHRDFVAEPMGEKPVGSLAGIGEVLGKKLEERGFDKAYVVLGQFLVLKKDEDLFREWLKDTAGANAKQSRDAFGALREWADAFL
6jlj_X-H,TITPSLKGFFIGLLSGAVVLGLTFAVLIAISQIDKVQRSL:ARRTWLGDILRPLNSEYGKVAPGWGTTPLMAVFMGLFLVFLLIILEIYNSTLILDGVNVSWKALG
6jez_C-A,KNHPMLMNLLKDN:GSHMGSPNSPLKDSLRPKLSEEQQHIIAILLDAHHKTYDPTYADFRDFRPPVRMDGSTGSVTLDLSPLSMLPHLADLVSYSIQKVIGFAKMIPGFRDLTSDDQIVLLKSSAIEVIMLRSNQSFTMDDMSWDCGSQDYKYDVTDVSKAGHTLELIEPLIKFQVGLKKLNLHEEEHVLLMAICIVSPDRPGVQDAKLVEAIQDRLSNTLQTYIRCRHPPPGSHQLYAKMIQKLADLRSLNEEHSKQYRSLSFQPENSMKLTPLVLEVFGNEIS
6pgq_B-A,YPRTNTGSGTPX:MAKIEEGKLVIWINGDKGYNGLAEVGKKFEKDTGIKVTVEHPDKLEEKFPQVAATGDGPDIIFWAHDRFGGYAQSGLLAEITPDKAFQDKLYPFTWDAVRYNGKLIAYPIAVEALSLIYNKDLLPNPPKTWEEIPALDKELKAKGKSALMFNLQEPYFTWPLIAADGGYAFKYENGKYDIKDVGVDNAGAKAGLTFLVDLIKNKHMNADTDYSIAEAAFNKGETAMTINGPWAWSNIDTSKVNYGVTVLPTFKGQPSKPFVGVLSAGINAASPNKELAKEFLENYLLTDEGLEAVNKDKPLGAVALKSYEEELAKDPRIAATMENAQKGEIMPNIPQMSAFWYAVRTAVINAASGRQTVDEALKDAQTNAAAEFLYVVGRKKMMDAQYKCYDRMQQLPAYQGEGPYCNRTWDGWLCWDDTPAGVLSYQFCPDYFPDFDPSEKVTKYCDEKGVWFKHPENNRTWSNYTMCNAFTPEKHHHHHH
6iiw_B-A,VRTKADSVPG:GPSCKHCKDDVNRLCRVCACHLCGGRQDPDKQLMCDECDMAFHIYCLDPPLSSVPSEDEWYCPECRND
6jwj_C-A,GPGHMEPAKLDLPEGQLFFGFPM:GPLGSIKELAVDEELAAADGLIPRQKSKLCKHGDRGMCEYCSPLPPWDKEYHEKNKIKHISFHSYLKKLNENANKKENGSSYISPLSEPDFRINKRCHNGHEPWPRGICSKCQPSAITLQQQEFRMVDHVEFQKSEIINEFIQAWRYTGMQRFGYMYGSYSKYDNTPLGIKAVVEAIYEPPQHDEQDGLTMDVEQVKNEMLQIDRQAQEMGLSRIGLIFTDLSDAGAGDGSVFCKRHKDSFFLSSLEVIMAARHQTRHPNVSKYSEQGFFSSKFVTCVISGNLEGEIDISSYQVSTEAEALVTADMISGSTFPSMAYINDTTDERYVPEIFYMKSNEYGITVKENAKPAFPVDYLLVTLTHGFPNTDTETNSKFVSSTGFPWSNRQAMGQSQDYQELKKYLFNVASSGDFNLLHEKISNFHLLLYINSLQILSPDEWKLLIESAVKNEWEESLLKLVSSAGWQTLVMILQESG
6kac_T-A,MEALVYTFLLVGTLGIIFFSIFFRDPPRMIK:MTAILERRENSSLWARFCEWITSTENRLYIGWFGVIMIPCLLTATSVFIIAFIAAPPVDIDGIREPVSGSLLYGNNIITGAVIPTSNAIGLHFYPIWEAASLDEWLYNGGPYQLIVCHFLLGVYCYMGREWELSFRLGMRPWIAVAYSAPVAAASAVFLVYPIGQGSFSDGMPLGISGTFNFMIVFQAEHNILMHPFHMLGVAGVFGGSLFSAMHGSLVTSSLIRETTENESANEGYRFGQEEETYNIVAAHGYFGRLIFQYASFNNSRSLHFFLAAWPVIGIWFTALGLSTMAFNLNGFNFNQSVVDSQGRVLNTWADIINRANLGMEVMHERNAHNFPLDLASTNSSSNN
6ef5_P-A,KLSLQ:GSHMDKNELVQKAKLAEQAERYDDMAACMKSVTEQGAELSNEERNLLSVAYKNVVGARRSSWRVVSSIEQKTEGAEKKQQMAREYREKIETELRDICNDVLSLLEKFLIPNASQAESKVFYLKMKGDYYRYLAEVAAGDDKKGIVDQSQQAYQEAFEISKKEMQPTHPIRLGLALNFSVFYYEILNSPEKACSLAKTAFDEAIAELDTLSEESYKDSTLIMQLLRDNLTLWTSDTQGDEAEAGEGGEN
6pj8_B-A,AVRMA:MGSSHHHHHHSSGLVPRGSHMAALRERAGPVTWVMMIACVVVFIAMQILGDQEVMLWLAWPFDPTLKFEFWRYFTHALMHFSLMHILFNLLWWWYLGGAVEKRLGSGKLIVITLISALLSGYVQQKFSGPWFGGLSGVVFALMGYVWLRGERDPQSGIYLQRGLIIFALIWIVAGWFDLFGMSMANGAHIAGLAVGLAMAFVDSLNARKRK
6rir_C-A,HHHHHHNRPRFTLQELRDVLQERNKLKSQLLVVQEELQCYKSG:GSHMAKTYDYLFKLLLIGDSGVGKTCVLFRFSEDAFNSTFISTIGIDFKIRTIELDGKRIKLQIWDTAGLERFRTITTAYYRGAMGIMLVYDITNEKSFDNIRNWIRNIEEHASADVEKMILGNKCDVNDKRQVSKERGEKLALDYGIKFMETSAKANINVENAFFTLARDIKAKMDKKLEGNS
6t7y_B-A,KKRVISLEEFFS:MRGSHHHHHHGSMPFEIVFEGAKEFAQLIETASRLIDEAAFKVTEEGISMRAMDPSRVVLIDLNLPASIFSKYEVDGEETIGVNMDHLKKVLKRGKAKETLILRKGEENFLEISLQGTATRTFKLPLIDVEEIEVDLPELPFTAKVVILGDVIKEAVKDASLVSDSMKFIAKENEFTMRAEGETQEVEVKLTLEDEGLLDIEVQEETKSAYGISYLSDMVKGLGKADEVTIKFGNEMPMQMEYYIRDEGRLIFLLAPRVEE
6sa8_B-A,KRKRKRKRKR:GPGSGGGGSCLGKKLLEAARAGQDDEVRILLANGADVNTADETGFTPLHLAAWEGHLGIVEVLLKNGADVNANDERGHTPLHLAAYTGHLEIVEVLLKNGAGVNATDVIGTAPLHLAAMWGHLEIVEVLLKNGADPKAQDKFGKTPKDLAKDNGHEDVAKLIDKKAQEEEEEEEKKKKILKDLVKKLSSPNENELQNALWTLGNIASGGNEQIQAVIDAGALPALVQLLSSPNEQILQEALWALSNIASGGNEQIQAVIDAGALPALVQLLSSPNEQILQEALWALSNIASGGNEQIQAVIDAGALPALVQLLSSPNEQILQEALWALSNIASGGNEQIQAVIDAGALPALVQLLSSPNEQILQEALWALSNIASGGNEQIQAVIDAGALPALVQLLSSPNEQILQEALWALSNIASGGNEQIQAVIDAGALPALVQLLSSPNEQILQEALWALSNIASGGNEQIQAVIDAGALPALVQLLSSPNEQIQDEAEKTLLNIANGSEEQQKAVYDAGALKYLLIIAAKRGFADRVRLYLRLGADQNTADETGFTPLHLAAWEGHLGIVEVLLKNGADVNANDERGHTPLHLAAYTGHLEIVEVLLKNGAGVNATDVIGTAPLHLAAMCGHLEIVEVLLKNGADVNAQDKFGKTPFDLAIDNGNEDIAEVLQKAA
6i7q_H-V,ELDLETLAPYIPMDGEDFQC:MEAGRPRPVLRSVNSREPSQVIFCNRSPRVVLPVWLNFDGEPQPYPTLPPGTGRRIHSYRGHLWLFRDAGTHDGLLVNQTELFVPSLNVDGQPIFANITLPVYTLKERCLQVVRSLVKPENYRRLDIVRSLYEDLEDHPNVQKDLERLTQERIAHQRMGD
6t1y_F-A,WXATCPA:DEDETTALVCDNGSGLVKAGFAGDDAPRAVFPSIVGRPRHQGVMVGMGQKDSYVGDEAQSKRGILTLKYPIEHGIITNWDDMEKIWHHTFYNELRVAPEEHPTLLTEAPLNPKANREKMTQIMFETFNVPAMYVAIQAVLSLYASGRTTGIVLDSGDGVTHNVPIYEGYALPHAIMRLDLAGRDLTDYLMKILTERGYSFVTTAEREIVRDIKEKLCYVALDFENEMATAASSSSLEKSYELPDGQVITIGNERFRCPETLFQPSFIGMESAGIHETTYNSIMKCDIDIRKDLYANNVMSGGTTMYPGIADRMQKEITALAPSTMKIKIIAPPERKYSVWIGGSILASLSTFQQMWITKQEYDEAGPSIVHRKCF
6nid_D-A,KKNKDKEYYV:MGRVRLVQFQKNTDEPMGITLKMNELNHCIVARIMHGGMIHRQGTLHVGDEIREINGISVANQTVEQLQKMLREMRGSITFKIVPSYR
5qtu_H-A,MDDDDKMDNECTTKIKPR:IVGGTASVRGEWPWQVTLHTTSPTQRHLCGGSIIGNQWILTAAHCFYGVESPKILRVYSGILNQSEIKEDTSFFGVQEIIIHDQYKMAESGYDIALLKLETTVGYGDSQRPICLPSKGDRNVIYTDCWVTGWGYRKLRDKIQNTLQKAKIPLVTNEECQKRYRGHKITHKMICAGYREGGKDACKGDSGGPLSCKHNEVWHLVGITSWGEGCAQRERPGVYTNVVEYVDWILEKTQAVHHHHHH
6pau_C-A,KVLSKIF:KHRYQFWDTQPVPKLDEVITSHGAIEPDKDNVRQEPYSLPQGFMWDTLDLSDAEVLKELYTLLNENYVEDDDNMFRFDYSPEFLLWALRPPGWLLQWHCGVRVSSNKKLVGFISAIPANIRIYDSVKKMVEINFLCVHKKLRSKRVAPVLIREITRRVNLEGIFQAVYTAGVVLPKPIATCRYWHRSLNPRKLVEVKFSHLSRNMTLQRTMKLYRLPDVTKTSGLRPMEPKDIKSVRELINTYLKQFHLAPVMDEEEVAHWFLPREHIIDTFVVESPNGKLTDFLSFYTLPSTVMHHPAHKSLKAAYSFYNIHTETPLLDLMSDALILAKSKGFDVFNALDLMENKTFLEKLKFGIGDGNLQYYLYNWRCPGTDSEKVGLVLQ
6s35_C-A,ARKMQEARKST:GSHMSGVEGAAFQSRLPHDRMTSQEAACFPDIISGPQQTQKVFLFIRNRTLQLWLDNPKIQLTFEATLQQLEAPYNSDTVLVHRVHSYLERHGLINFGIYKRIKPLPTKKTGKVIIIGSGVSGLAAARQLQSFGMDVTLLEARDRVGGRVATFRKGNYVADLGAMVVTGLGGNPMAVVSKQVNMELAKIKQKCPLYEANGQAVPKEKDEMVEQEFNRLLEATSYLSHQLDFNVLNNKPVSLGQALEVVIQLQEKHVKDEQIEHWKKIVKTQEELKELLNKMVNLKEKIKELHQQYKEASEVKPPRDITAEFLVKSKHRDLTALCKEYDELAETQGKLEEKLQELEANPPSDVYLSSRDRQILDWHFANLEFANATPLSTLSLKHWDQDDDFEFTGSHLTVRNGYSCVPVALAEGLDIKLNTAVRQVRYTASGCEVIAVNTRSTSQTFIYKCDAVLCTLPLGVLKQQPPAVQFVPPLPEWKTSAVQRMGFGNLNKVVLCFDRVFWDPSVNLFGHVGSTTASRGELFLFWNLYKAPILLALVAGEAAGIMENISDDVIVGRCLAILKGIFGSSAVPQPKETVVSRWRADPWARGSYSYVAAGSSGNDYDLMAQPITPGPSIPGAPQPIPRLFFAGEHTIRNYPATVHGALLSGLREAGRIADQFLGAM
6jlh_B-A,SGIIGNLRHMALDMGNE:NLDAAGFLQIWQHFDADDNGYIEGKELDDFFRHMLKKLQPKDKITDERVQQIKKSFMSAYDATFDGRLQIEELANMILPQEENFLLIFRREAPLDNSVEFMKIWRKYDADSSGYISAAELKNFLKDLFLQHKKKIPPNKLDEYTDAMMKIFDKNKDGRLDLNDLARILALQENFLLQFKMDASSQVERKRDFEKIFAHYDVSRTGALEGPEVDGFVKDMMELVRPSISGGDLDKFRECLLTHCDMNKDGKIQKSELALCLG
6lry_B-A,CSCKDMTDKECLYFCHQDVIW:GGGLAPAEVPKGDRTAGSPPRTISPPPCQGPIEIKETFKYINTVVSCLVFVLGIIGNSTLLYIIYKNKCMRNGPNILIASLALGDLLHIVIAIPINVYKLLAEDWPFGAEMCKLVPFIQKASVGITVLSLCALSIDRYRAVASWSRIKGIGVPKWTAVEIVLIWVVSVVLAVPEAIGFDIITMDYKGSYLRICLLHPVQKTAFMQFYATAKDWWLFSFYFCLPLAITAFFYTLMTCEMLRKNIFEMLRIDEGLRLKIYKDTEGYYTIGIGHLLTKSPSLNAAKSELDKAIGRNTNGVITKDEAEKLFNQDVDAAVRGILRNAKLKPVYDSLDAVRRAALINMVFQMGETGVAGFTNSLRMLQQKRWDEAAVNLAKSRWYNQTPNRAKRVITTFRTGTWDAYLNDHLKQRREVAKTVFCLVLVFALCWLPLHLARILKLTLYNQNDPNRCELLSFLLVLDYIGINMASLNSCANPIALYLVSKRFKNAFKSALCCWAQSENLYFQ
6hl6_S-A,GANYSIVDFLITAGANVNSPDSHG:SMAATAAEAVASGSGEPREEAGALGPAWDESQLRSYSFPTRPIPRLSQSDPRAEELIENEEPVVLTDTNLVYPALKWDLEYLQENIGNGDFSVYSASTHKFLYYDEKKMANFQNFKPRSNREEMKFHEFVEKLQDIQQRGGEERLYLQQTLNDTVGRKIVMDFLGFNWNWINKQQGKRGWGQLTSNLLLIGMEGNVTPAHYDEQQNFFAQIKGYKRCILFPPDQFECLYPYPVHHPCDRQSQVDFDNPDYERFPNFQNVVGYETVVGPGDVLYIPMYWWHHIESLLNGGITITVNFWYKGAPTPKRIEYPLKAHQKVAIMRNIEKMLGEALGNPQEVGPLLNTMIKGRYN
6l0v_B-A,GPKWVKTDSDFIVLEI:GPEKEWVEQDEPGVYITLTALAGGARDLKRVRFSRKRFSEIQAEQWWADNRGRVYEQYNVRMV
6v7o_C-A,PGAPPGRDLA:SMQGPRTRARLGANEVLLVVGGFGSQQSPIDVVEKYDPKTQEWSFLPSITRKRRYVASVSLHDRIYVIGGYDGRSRLSSVECLDYTADEDGVWYSVAPMNVRRGLAGATTLGDMIYVSGGFDGSRRHTSMERYDPNIDQWSMLGDMQTAREGAGLVVASGVIYCLGGYDGLNILNSVEKYDPHTGHWTNVTPMATKRSGAGVALLNDHIYVVGGFDGTAHLSSVEAYNIRTDSWTTVTSMTTPRCYVGATVLRGRLYAIAGYDGNSLLSSIECYDPIIDSWEVVTSMGTQRCDAGVCVLRE
6ppm_E-A,VEID:FYKREMFDPAEEYKMNHKRRGLALIFNQKRFDWKLGLKTRNGTDKDRDNLERRFQELGFEVKAYNDLSAEEVLEKIQEASTADHSDADCFVCVFLSHGEDGHVYANDAKIEIQELTNLFKGDKCQSLVGKPKIFIIQACRGDKLDDAVTPM
6qp2_C-A,HHHHHH:MGGGFAVNYNFDEIIDRRYTNAMNVEGYKGYLFGDADTSDLKDNDELIRMWVADMDFGTPEVVLNAIRERLNKKILGYTNVFGSEYYEAFVSWTKKRYGFTFSQEHLVFSHGIVAGLIELVGYICDKDDKALIVTPSYGPFKMACDKNHISTVYSPLINHHGYYEIDFDDVRKKVETENIKLCIFANPHNPTGRVWSEEELATLGQIMKENDVWLISDEIHCDIKRSGQSHIPFAKAVPDYDKIITTMSQSKAFNIAGLMFSNIIIQNESLLKTWNTHHFGTENPLSVVATQAAYEKGEGWLQAMNHYLDDNFNYLADFLEKELPHAEFKIPEATYLAWVDLSYYIKEKDIDESMAKFFIKNAGVIIEGAEQFVHNAEGHIRINIAVPREVMKKGLQKIKAALVENLYFQGHHHHHHHHHH
6j31_E-A,TNVFVGGVL:MPRPGHIAMVSVPSRGHLHPSLELIRELVARGHRVTYANDPSVAAAVTETGAELVPYTSALPSTDTTEGRVTDQIAQMDVFLDDAVGMLPQLRAAYEEDRPDVFLYDVLAYPARVLAMNWGIPSIQISPTWVMPEKYRERMAPVVEQLKQDPRGAAHYRRFDAWLEDSGVPGIDAGDLVNLPERSLVLVPRFLQPDADDVDEKRFTFIGPCLGRRAHQGDWKRPAGAEKVALVSLGSHLTNQLPFYETCVEVFAALPDWHLVLQIGRHVDAGELGELPPNVEVHNWVPQLAVLEQADVFVTHGGMGGIQEGLFSGVPMVVAPQANDQPANAESVVGLGIARRIDIATVTPDRLRAAVVELASDPAVAERLSGLRRELRAHGGTMRAADLIERQLPA
6snc_C-A,NWFDITNWLWYIKLFIMIVKKKKKK:DIQMTQSPSSLSASVGDKVTITCRASQSVTKYLNWYQFKTGQAPRILIYGTYTLLSGVSPRFSGAGSGSLYTLTITNIQPEDFATYYCQQAHSTPWTFGQGTHVAANRTVAAPSVFIFPPSDEQLKSGTASVVCLLNNFYPREAKVQWKVDNALQSGNSQESVTEQDSKDSTYSLSSTLTLSKADYEKHKVYACEVTHQGLSSPVTKSFNRGGC
6a0h_C-A,NLAAR:MPLLVEGRRVRLPQSAGDLVRAHPPLEERARLLRGQSVQQVGPQGLLYVQQRELAVTSPKDGSISILGSDDATTSHIVVLRHTGNGATCLTHCDGTDTKAEVPLIMNSIKSFSDHAQCGRLEVHLVGGFSDDRQLSQKLTHQLLSEFDRQEDDIHLVTLCVTELNDREENENHFPVIYGIAVNIKTAEIYRASFQDRGPEEQLRAARTLAGGPMISIYDAETEQLRIGPYSWTPFPHVDFWLHQDDKQILENLSTSPLAEPPHFVEHIRSTLMFLKKHPSPAHTLFSGNKALLYKKNEDGLWEKISSPGSLEHHHHHH
6jfa_C-A,MAS:IREILKMGDERLLRIAQPVPSELLGSEELQRLIDDMFETMHHVGGVGLAAPQIGVDLQLVIFGFERSERYPDAPAVPPTILLNPRITPLDDEMEEGWEGCLSVPGLRGAVSRHRRIRYQGLDPQGQPIDRSVEGFHARVVQHECDHLIGRLYPSRITDFSKFGFTEVLFP
6a0f_C-A,NFAAR:MPLLVEGRRVRLPQSAGDLVRAHPPLEERARLLRGQSVQQVGPQGLLYVQQRELAVTSPKDGSISILGSDDATTSHIVVLRHTGNGATCLTHCDGTDTKAEVPLIMNSIKSFSDHAQCGRLEVHLVGGFSDDRQLSQKLTHQLLSEFDRQEDDIHLVTLCVTELNDREENENHFPVIYGIAVNIKTAEIYRASFQDRGPEEQLRAARTLAGGPMISIYDAETEQLRIGPYSWTPFPHVDFWLHQDDKQILENLSTSPLAEPPHFVEHIRSTLMFLKKHPSPAHTLFSGNKALLYKKNEDGLWEKISSPGSLEHHHHHH
6v2h_B-A,XATKVARKSAPATX:GASGDLYEVERIVDKRKNKKGKWEYLIRWKGYGSTEDTWEPEHHLLHCEEFIDEFNGLHMSK
6tzc_C-B,DGGTMENLSRRLKVTGDLFDIMSGQT:MEGEELIYHNIINEILVGYIKYYINDISEHELSPYQQQIKKILTYYDECLNKQVTITFSLTSVQEIKTQFTGVVTELFKDLINWGRICGFIVFSAKMAKYCKDANNHLESTVITTAYNFMKHNLLPWMISHGGQEEFLAFSLHSDMYSHHHHHH
6slg_B-A,AALAF:MHHHHHHGGGENLYFQGSHMAAAAAAGAGPEMVRGQVFDVGPRYTNLSYIGEGAYGMVCSAYDNLNKVRVAIKKISPFEHQTYCQRTLREIKILLRFRHENIIGINDIIRAPTIEQMKDVYIVQDLMETDLYKLLKTQHLSNDHICYFLYQILRGLKYIHSANVLHRDLKPSNLLLNTTCDLKICDFGLARVADPDHDHTGFLTEYVATRWYRAPEIMLNSKGYTKSIDIWSVGCILAEMLSNRPIFPGKHYLDQLNHILGILGSPSQEDLNCIINLKARNYLLSLPHKNKVPWNRLFPNADSKALDLLDKMLTFNPHKRIEVEQALAHPYLEQYYDPSDEPIAEAPFKFDMELDDLPKEKLKELIFEETARFQPGYRSLE
6rqx_B-A,XKHHAFSFK:MVFLPLKWSLATMSFLLSSLLALLTVSTPSWCQSTEASPKRSDGTPFPWNKIRLPEYVIPVHYDLLIHANLTTLTFWGTTKVEITASQPTSTIILHSHHLQISRATLRKGAGERLSEEPLQVLEHPRQEQIALLAPEPLLVGLPYTVVIHYAGNLSETFHGFYKSTYRTKEGELRILASTQFEPTAARMAFPCFDEPAFKASFSIKIRREPRHLAISNMPLVKSVTVAEGLIEDHFDVTVKMSTYLVAFIISDFESVSKITKSGVKVSVYAVPDKINQADYALDAAVTLLEFYEDYFSIPYPLPKQDLAAIPDFQSGAMENWGLTTYRESALLFDAEKSSASSKLGITMTVAHELAHQWFGNLVTMEWWNDLWLNEGFAKFMEFVSVSVTHPELKVGDYFFGKCFDAMEVDALNSSHPVSTPVENPAQIREMFDDVSYDKGACILNMLREYLSADAFKSGIVQYLQKHSYKNTKNEDLWDSMASICPTDGVKGMDGFCSRSQHSSSSSHWHQEGVDVKTMMNTWTLQKGFPLITITVRGRNVHMKQEHYMKGSDGAPDTGYLWHVPLTFITSKSDMVHRFLLKTKTDVLILPEEVEWIKFNVGMNGYYIVHYEDDGWDSLTGLLKGTHTAVSSNDRASLINNAFQLVSIGKLSIEKALDLSLYLKHETEIMPVFQGLNELIPMYKLMEKRDMNEVETQFKAFLIRLLRDLIDKQTWTDEGSVSERMLRSQLLLLACVHNYQPCVQRAEGYFRKWKESNGNLSLPVDVTLAVFAVGAQSTEGWDFLYSKYQFSLSSTEKSQIEFALCRTQNKEKLQWLLDESFKGDKIKTQEFPQILTLIGRNPVGYPLAWQFLRKNWNKLVQKFELGSSSIAHMVMGTTNQFSTRTRLEEVKGFFSSLKENGSQLRCVQQTIETIEENIGWMDKNFDKIRVWLQSEKL
6e37_B-A,YPGGSTPVSSANMM:GPGSCPTHADSLNNLANIKREQGNIEEAVRLYRKALEVFPEFAAAHSNLASVLQQQGKLQEALMHYKEAIRISPTFADAYSNMGNTLKEMQDVQGALQCYTRAIQINPAFADAHSNLASIHKDSGNIPEAIASYRTALKLKPDFPDAYCNLAHCLQIVCDWTDYDERMKKLVSIVADQLEKNRLPSVHPHHSMLYPLSHGFRKAIAERHGNLCLDKINVLHKPPYEHPKDLKLSDGRLRVGYVSSDFGNHPTSHLMQSIPGMHNPDKFEVFCYALSPDDGTNFRVKVMAEANHFIDLSQIPCNGKAADRIHQDGIHILVNMNGYTKGARNELFALRPAPIQAMWLGYPGTSGALFMDYIITDQETSPAEVAEQYSEKLAYMPHTFFIGDHANMFPHLKKKAVIDFKSNGHIYDNRIVLNGIDLKAFLDSLPDVKIVKMKCPDGGDNADSSNTALNMPVIPMNTIAEAVIEMINRGQIQITINGFSISNGLATTQINNKAATGEEVPRTIIVTTRSQYGLPEDAIVYCNFNQLYKIDPSTLQMWANILKRVPNSVLWLLRFPAVGEPNIQQYAQNMGLPQNRIIFSPVAPKEEHVRRGQLADVCLDTPLCNGHTTGMDVLWAGTPMVTMPGETLASRVAASQLTCLGCLELIAKNRQEYEDIAVKLGTDLEYLKKVRGKVWKQRISSPLFNTKQYTMELERLYLQMWEHYAAGNKPDHMIKPVE
6vdb_H-A,APRFGGVMRPNRYR:MHHHHHHSSGRENLYFQGETSVPPGSALVGPSCVMDDFRDPQRWKECAKQGKMPCYFDLIEENVYLTERKKNKSHRDIKRMQCECTPLSKDERAQGEIACGEDCLNRLLMIECSSRCPNGDYCSNRRFQRKQHADVEVILTEKKGWGLRAAKDLPSNTFVLEYCGEVLDHKEFKARVKEYARNKNIHYYFMALKNDEIIDATQKGNCSRFMNHSCEPNCETQKWTVNGQLRVGFFTTKLVPSGSELTFDYQFQRYGKEAQKCFCGSANCRGYLGGENRVSIRAAGGKMKKERSRK
6roy_C-A,FSVDYGELDFQ:MASRRWFHPNITGVEAENLLLTRGVDGSFLARPSKSNPGDFTLSVRRNGAVTHIKIQNTGDYYDLYGGEKFATLAELVQYYMEHHGQLKEKNGDVIELKYPLNC
6p7e_U-A,DTDF:MIVSAIAANALLESVTKFHCGVIYDYSTAEYVSYRPSDFGAYLDALEAEVARGGLIVFHNGHKYDVPALTKLAKLQLNREFHLPRENCIDTLVLSRLIHSNLKDTDMGLLRSGKLPGKRFGSHALEAWGYRLGEMKGEYKDDFKRMLEEQGEEYVDGMEWWNFNEEMMDYNVQDVVVTKALLEKLLSDKHYFPPEIDFTDVGYTTFWSESLEAVDIEHRAAWLLAKQERNGFPFDTKAIEELYVELAARRSELLRKLTETFGSWYQPKGGTEMFCHPRTGKPLPKYPRIKTPKVGGIFKKPKNKAQREGREPCELDTREYVAGAPYTPVEHVVFNPSSRDHIQKKLQEAGWVPTKYTDKGAPVVDDEVLEGVRVDDPEKQAAIDLIKEYLMIQKRIGQSAEGDKAWLRYVAEDGKIHGSVNPNGAVTGRATHAFPNLAQIPGVRSPYGEQCRAAFGAEHHLDGITGKPWVQAGIDASGLELRCLAHFMARFDNGEYAHEILNGDIHTKNQIAAELPTRDNAKTFIYGFLYGAGDEKIGQIVGAGKERGKELKKKFLENTPAIAALRESIQQTLVESSQWVAGEQQVKWKRRWIKGLDGRKVHVRSPHAALNTLLQSAGALICKLWIIKTEEMLVEKGLKHGWDGDFAYMAWVHDEIQVGCRTEEIAQVVIETAQEAMRWVGDHWNFRCLLDTEGKMGPNWAICH
6v55_Q-A,THFGILMDVSRA:ASTSCNVVLTDSQGSFTSPCYPNDYPPSQSCNWTIQAPAGFIVQITFLDFELEEAQGCIYDRVVVKTGTSDAKFCGLTANGLTLNSTGNVMEVFFNSDFSVQKKGFHISYKQVAVTLRNQKVTMPKSSKTILRVSNSISIPVLTAFTVCFEIARTAQKATETIFTLSDAAGTSILAFEKTSNGMELFIGASYCSVDNFLTSSDITATMKPLCLTWTKSSGLIGVYFEGHYFSSICSASQIYTLQSGGLLQIAGKGSSSVSVDDQNLDGFIYNFRLWDHAMLSSELSALTCDTVGNVVDWDHSYWTIPGSSTQTDSTLSCSTAITTLSPGTAGCASGLGCPEDIFYRSTLVVTDEQTPDRDATAIISQWLNQTFQNWMYRVYVDGISLQLITVLSRITTTRQIYLALLVYKNTTDVNLAEVEIESMLRSAPAIGNGLTLDSVTVNLMENCQADEFPVHYRWPESRPTVTQYVPCFPYKDRNASRTCMINRDNYTSFWALPDRGNCTNITSITVSQENAMDVAVQLADISNNGLSKEELTQVVTKVMELVNIAKINATLASTVVTIISNVMVSSEDAQKDASETALKAVDELVQKIEFDGPSLTISSKNLVVGVSALDTTNFNGSTLSAFIATNTTDPQIDFDSEAHNALAVVTLPPTLLQNLSLSQIEKVSRINFMFFGRTGLFQDHQNNGLTLNSYVVASSVGNFTIKNLQDPVRIEIAHLEYQKDPNPQCVFWDFNLQNYSGGWNSDGCKVGSDSNSNRTVCLCNHLTHFGILMDVSRAHHHHHHHH
6l7o_Q-D,MATDFNRGIMKFDGADSPAMIAISAVLILGFIAGLIWWALHTAYA:MSTFPWLTTIILFPIVAALAIPFIPDPTGKGRPIRWYALAVGLIDFALIVYAFTNFYDLNTPGMQLWESYDWIPEIGLRWSVGADGLSMPLILLTGFITTLAILAAWPVTLKPRLFYFLMLAMYGGQIAVFAVQDMLVFFLAWELELIPVYLLLAIWGGHKRQYAATKFILYTAGSSLFILVAGLAMAFYGDTVSFDMQTLAAKDYALGFQLLVYAGFLVAYGVKLPIVPLHTWLPDAHGEATAPVHMLLAGILLKMGGYALIRMNVDMLPAAHAKFAPVLVILGVVNIIYAALTSYAQRNLKRKIAYSSISHIGFVLIGIASFTNLGMSGAVLQMVSHGLIGASLFFLVGATYDRTHTLILEEMGGVGQKMKKIFAMFTACSLASLALPGMSGFVAELMVFIGFATSDAYSLPFRVIVVFLAAVGVILTPIYLLSMLREIFYGPENKELVEHEALVDAEPREVFIIACLLVPIIGIGLYPKLLTQIYDATTGQVIARAREVLPTLAQQTEQPLGILPMVAPQLKANAQ
6e7i_P-A,PTTDSTTPAPTTK:MGILPSPGMPALLSLVSLLSVLLMGCVAETGKVRWPDFNQEAYVGGTMVRSGQDPYARNKFNQVESDKLRMDRAIPDTRHDQCQRKQWRVDLPATSVVITFHNEARSALLRTVVSVLKKSPPHLIKEIILVDDYSNDPEDGALLGKIEKVRVLRNDRREGLMRSRVRGADAAQAKVLTFLDSHCECNEHWLEPLLERVAEDRTRVVSPIADVINMDNFQYVGASADLKGGFDWNLVFKWDYMTPEQRRSRQGNPVAPIKTPMIAGGAFVMDKFYFEELGKYDMMMDVWGGENLEISFRVWQCGGSLEIIPCSRVGHVFRKQHPYTFPGGSGTVFARNTRRAAEVWMDEYKNFYYAAVPSARNVPYGNIQSRLELRKKLSCKPFKWYLENVYPELRVPDHQDIAFGALQQGTNCLDTLGHFADGVVGVYECHNAGGNQEWALTKEKSVKHMDLCLTVVDRAPGSLIKLQGCRENDSRQKWEQIEGNSKLRHVGSNLCLDSRTAKSGGLSVEVCGPALSQQWKFTLNLQQKHHHHHH
6sat_P-A,DDLDVPSFLQ:MSYQSTIVPVELHSFEDAQVIGGAFRDGDAVVFDMSLLSREEARRIVDFAAGLCFALRGKMQKIDSVTFAVVPELSNISTSELERAARIR
6pek_G-A,EYEYEYEYEY:MAAKRSSGAAPAPASASAPAPVPGGEAERVRVFHKQAFEYISIALRIDEDEKAGQKEQAVEWYKKGIEELEKGIAVIVTGQGEQCERARRLQAKMMTNLVMAKDRLQLLESGAVPKRKDPLTHTSNSLPRSKTVMKTGSAGLSGHHRAPSYSGLSMVSGVKQGSGPAPTTHKGTPKTNRTNKPSTPTTATRKKKDLKNFRNVDSNLANLIMNEIVDNGTAVKFDDIAGQDLAKQALQEIVILPSLRPELFTGLRAPARGLLLFGPPGNGKTMLAKAVAAESNATFFNISAASLTSKYVGEGEKLVRALFAVARELQPSIIFIDEVDSLLCERREGEHDASRRLKTEFLIEFDGVQSAGDDRVLVMGATNRPQELDEAVLRRFIKRVYVSLPNEETRLLLLKNLLCKQGSPLTQKELAQLARMTDGYSGSDLTALAKDAALGPIRELKPEQVKNMSASEMRNIRLSDFTESLKKIKRSVSPQTLEAYIRWNKDFGDTTV
6hua_C-A,VPFFMIYY:MSIKDSIGLRIKTERECQQMSREVLCLDGAELTVRQLIRIEKGESLPSLDKLSYIAKRLGKSMADLLDHDRIEIPDTYYEMKNRLIKFPTYGDKERVKQKLDLIEDVYNQFFDILPEEELLTLDILENILSFTSWEERPKVEEIYEDLFEQVKRKKKFSTNDLLVIDYYFYHLYGRKQYDKKIFDRIVDRVLKQNIPTDDAYNIALFNDLMAIAGLKISLESFKDFLTVIDKLLAVIEKSQFHSYKPGVYILEAKYELIHNGNKKKATENYDKAIMFASVLEDSVLEEKTRAEKAADGLGAGWSHPQFEK
6o40_B-A,XVALDPFDFSIVLNKIKSQLEESKEWIRRSNKILDSIX:XQARSDIEKLKEAIRDTNKAVQSVQSSIGNLIVAIKSVQDYVNKEIVPSIARX
6s1u_I-A,PYVFAMT:WVQPITAQKPSLTLWLDDKMFTGLINTGADVTIIKLEDWPPNWPITDTLTNLRGIGQSNNPKQSSKYLTWRDKENNSGLIKPFVIPNLPVNLWGRDLLSQMKIMMASPNDIVTA
6s7o_B-A,MITDVQLAIFANMLGVSLFLLVVLYHYVAVNNPKKQE:MTKFGFLRLSYEKQDTLLKLLILSMAAVLSFSTRLFAVLRFESVIHEFDPYFNYRTTRFLAEEGFYKFHNWFDDRAWYPLGRIIGGTIYPGLMITSAAIYHVLHFFHITIDIRNVCVFLAPLFSSFTTIVTYHLTKELKDAGAGLLAAAMIAVVPGYISRSVAGSYDNEGIAIFCMLLTYYMWIKAVKTGSICWAAKCALAYFYMVSSWGGYVFLINLIPLHVLVLMLTGRFSHRIYVAYCTVYCLGTILSMQISFVGFQPVLSSEHMAAFGVFGLCQIHAFVDYLRSKLNPQQFEVLFRSVISLVGFVLLTVGALLMLTGKISPWTGRFYSLLDPSYAKNNIPIIASVSEHQPTTWSSYYFDLQLLVFMFPVGLYYCFSNLSDARIFIIMYGVTSMYFSAVMVRLMLVLAPVMCILSGIGVSQVLSTYMKNLDISRPDKKSKKQQDSTYPIKNEVASGMILVMAFFLITYTFHSTWVTSEAYSSPSIVLSARGGDGSRIIFDDFREAYYWLRHNTPEDAKVMSWWDYGYQITAMANRTILVDNNTWNNTHISRVGQAMASTEEKAYEIMRELDVSYVLVIFGGLTGYSSDDINKFLWMVRIGGSTDTGKHIKENDYYTPTGEFRVDREGSPVLLNCLMYKMCYYRFGQVYTEAKRPPGFDRVRNAEIGNKDFELDVLEEAYTTEHWLVRIYKVKDLDNRGLSRT
6iqj_C-A,RVPPPPPPPPPLP:MSWQSYVDDHLMCEVEGNHLTHAAIFGQDGSVWAQSSAFPQLKPAEIAGINKDFEEAGHLAPTGLFLGGEKYMVVQGEAGAVIRGKKGPGGVTIKKTTQALVFGIYDEPMTGGQCNLVVERLGDYLIESGL
6jnf_D-A,MFGLPQQEVSEEEKRAHQEQTEKTLKQAAYVAAFLWVSPMIWHLVKKQWK:MSAPTPLAEASQIPTIPALSPLTAKQSKGNFFSSNPISSFVVDTYKQLHSHRQSLELVNPGTVENLNKEVSRDVFLSQYFFTGLRADLNKAFSMNPAFQTSHTFSIGSQALPKYAFSALFANDNLFAQGNIDNDLSVSGRLNYGWDKKNISKVNLQISDGQPTMCQLEQDYQASDFSVNVKTLNPSFSEKGEFTGVAVASFLQSVTPQLALGLETLYSRTDGSAPGDAGVSYLTRYVSKKQDWIFSGQLQANGALIASLWRKVAQNVEAGIETTLQAGMVPITDPLMGTPIGIQPTVEGSTTIGAKYEYRQSVYRGTLDSNGKVACFLERKVLPTLSVLFCGEIDHFKNDTKIGCGLQFETAGNQELLMLQQGLDADGNPLQALPQL
6nwe_B-A,ILENLKDVGLF:MNGTEGPNFYVPFSNKTGVVRSPFEAPQYYLAEPWQFSMLAAYMFLLIMLGFPINFLTLYVTVQHKKLRTPLNYILLNLAVADLFMVFGGFTTTLYTSLHGYFVFGPTGCNLEGFFATLGGEIALWSLVVLAIERYVVVCKPMSNFRFGENHAIMGVAFTWVMALACAAPPLVGWSRYIPEGMQCSCGIDYYTPHEETNNESFVIYMFVVHFIIPLIVIFFCYGQLVFTVKEAAAQQQESATTQKAEKEVTRMVIIMVIAFLICWLPYAGVAFYIFTHQGSDFGPIFMTIPAFFAKTSAVYNPVIYIMMNKQFRNCMVTTLCCGKNPLGDDEASTTVSKTETSQVAPA
6os2_B-A,GRVYYHPX:DYKDDDDKILNSSTEDGIKRIQDDCPKAGRHNYIFVMIPTLYSIIFVVGIFGNSLVVIVIYFYMKLKTVASVFLLNLALADLCFLLTLPLWAVYTAMEYRWPFGNYLCKIASASVSFNLYASVFLLTCLSIDRYLAIVHPMKSRLRRTMLVAKVTCIIIWLLAGLASLPAIIHRNVFFIENTNITVCAFHYESQNSTLPIGLGLTKNILGFLFPFLIILTSYTLIWKALKKAYDLEDNWETLNDNLKVIEKADNAAQVKDALTKMRAAALDAQKATPPKLEDKSPDSPEMKDFRHGFDILVGQIDDALKLANEGKVKEAQAAAEQLKTTRNAEIQKNKPRNDDIFKIIMAIVLFFFFSWIPHQIFTFLDVLIQLGIIRDCRIADIVDTAMPITICIAYFNNCLNPLFYGFLGKKFKRYFLQLLKY
6msu_C-A,CPRPRGDNPPLTCKQDSDCLAGCVCGPNGFCG:FNLDVDSPAEYSGPEGSYFGFAVDFFVPSASSRMFLLVGAPKANTTQPGIVEGGQVLKCDWSSTRRCQPIEFDATGNRDYAKDDPLEFKSHQWFGASVRSKQDKILACAPLYHWRTEMKQEREPVGTCFLQDGTKTVEYAPCRSQDIDADGQGFCQGGFSIDFTKADRVLLGGPGSFYWQGQLISDQVAEIVSKYDPNVYSIKYNNQLATRTAQAIFDDSYLGYSVAVGDFNGDGIDDFVSGVPRAARTLGMVYIYDGKNMSSLYNFTGEQMAAYFGFSVAATDINGDDYADVFIGAPLFMDRGSDGKLQEVGQVSVSLQRASGDFQTTKLNGFEVFARFGSAIAPLGDLDQDGFNDIAIAAPYGGEDKKGIVYIFNGRSTGLNAVPSQILEGQWAARSMPPSFGYSMKGATDIDKNGYPDLIVGAFGVDRAILYRARPVITVNAGLEVYPSILNQDNKTCSLPGTALKVSCFNVRFCLKADGKGVLPRKLNFQVELLLDKLKQKGAIRRALFLYSRSPSHSKNMTISRGGLMQCEELIAYLRDESEFRDKLTPITIFMEYRLDYRTAADTTGLQPILNQFTPANISRQAHILLDCGEDNVCKPKLEVSVDSDQKKIYIGDDNPLTLIVKAQNQGEGAYEAELIVSIPLQADFIGVVRNNEALARLSCAFKTENQTRQVVCDLGNPMKAGTQLLAGLRFSVHQQSEMDTSVKFDLQIQSSNLFDKVSPVVSHKVDLAVLAAVEIRGVSSPDHVFLPIPNWEHKENPETEEDVGPVVQHIYELRNNGPSSFSKAMLHLQWPYKYNNNTLLYILHYDIDGPMNCTSDMEINPLRIKISSLQTTEKNDTVAGQGERDHLITKRDLALSEGDIHTLGCGVAQCLKIVCQVGRLDRGKSAILYVKSLLWTETFMNKENQNHSYSLKSSASFNVIEFPYKNLPIEDITNSTLVTTNVTWGIQPAPMPVPVWVI
6q9f_B-A,DGDQSETSPSQNQGKCKDGLGEYTCTSLEGFEGKNSELF:KPKLLNKFDKTIKAELDAAEKLRKRGKIEEAVNAFKELVRKYPQSPRARYGKAQCEDDLAEKRRSNEVLRGAIETYQEVASLPDVPADLLKLSLKRRSDRQQFLGHMRGSLLTLQRLVQLFPNDTSLKNDLGVGYLLIGDNDNAKKVYEEVLSVTPNDGFAKVHYGFILKAQNKIAESIPYLKEGIESGDPGTDDGRFYFHLGDAMQRVGNKEAYKWYELGHKRGHFASVWQRSLYNVNGLKAQPWWTPKETGYTELVKSLERNWKLIRDEGLAVMDKAKGLFLPEDENLREKGDWSQFTLWQQGRRNENACKGAPKTCTLLEKFPETTGCRRGQIKYSIMHPGTHVWPATGPTNCRLRMHLGLVIPKEGCKIRCANETKTWEEGKVLIFDDSFEHEVWQDASSFRLIFIVDVWHPELTPQQRRSLPAI
6q68_B-A,GSGSGTPAPPAIADLLASVDSEEVRDYCRTKGWIVQEKITKESLERNVNR:MESLPVIAAPSMWTRPQIKDFKEKIRQDADSVITVGRGEVVTVRVPTHEEGSYLFWEFATDNYDIGFGVYFEWTDSPNTAVSVHVSESSDDDEEEEENISSEEKAKKNANKPLLDEIVPVYRRDCHEEVYAGSHQYPGRGVYLLKFDNSYSLWRSKSVYYRVYYTR
6jlj_Y-C,EVIAQLTMIAMIGIAGPMIIFLLAVRRGNL:NSIFATNRDQESSGFAWWAGNARLINLSGKLLGAHVAHAGLIVFWAGAMTLFELAHFIPEKPMYEQGLILIPHIATLGWGVGPGGEVVDTFPFFVVGVVHLISSAVLGFGGVYHAIRGPETLEEYSSFFGYDWKDKNKMTTILGFHLIVLGIGALLLVAKAMFFGGLYDTWAPGGGDVRVITNPTLDPRVIFGYLLKSPFGGEGWIVSVNNLEDVVGGHIWIGLICIAGGIWHILTTPFGWARRAFIWSGEAYLSYSLGALSMMGFIATCFVWFNNTVYPSEFYGPTGPEASQAQAMTFLIRDQKLGANVGSAQGPTGLGKYLMRSPTGEIIFGGETMRFWDFRGPWLEPLRGPNGLDLNKIKNDIQPWQERRAAEYMTHAPLGSLNSVGGVATEINSVNFVSPRSWLATSHFVLAFFFLVGHLWHAGRARAAAAGFEKGIDRESEPVLSMPSLD
6tyv_B-A,TTAQQRKCPEWMNVQN:MHHHHHHMARAAKSAVVLCMDVGLAMSHSNQGKESPFEQAKKVMMLFLQRQVFAESKDEIAVVLYGTDTTDNALAREDQYENISVHRHLMLPDFDLLEQIENVVEPGSVQADFLDALIVSMDLLQKETLGKKYTRLHIAVFSDLSSPFSVDQLEVIIANLKKAEITLQFFLPFSVDEGSGPGKGLSDQQKEGIEMVRKIMFSLDGEEGLSEVFTFRDSLERLSIFKKIERR
6s6q_C-A,DYGHSSPKPKLVRPPFKLIPN:GSSMGQPGIINNDLQTLLEVKKSLVTNPQEDDPLRQWNSDNINYCSWTGVTCDNTGLFRVIALNLTGLGLTGSISPWFGRFDNLIHLDLSSNNLVGPIPTALSNLTSLESLFLFSNQLTGEIPSQLGSLVNIRSLRIGDNELVGDIPETLGNLVNLQMLALASCRLTGPIPSQLGRLVRVQSLILQDNYLEGPIPAELGNCSDLTVFTAAENMLNGTIPAELGRLENLEILNLANNSLTGEIPSQLGEMSQLQYLSLMANQLQGLIPKSLADLGNLQTLDLSANNLTGEIPEEFWNMSQLLDLVLANNHLSGSLPKSICSNNTNLEQLVLSGTQLSGEIPVELSKCQSLKQLDLSNNSLAGSIPEALFELVELTDLYLHNNTLEGTLSPSISNLTNLQWLVLYHNNLEGKLPKEISALRKLEVLFLYENRFSGEIPQEIGNCTSLKMIDMFGNHFEGEIPPSIGRLKELNLLHLRQNELVGGLPASLGNCHQLNILDLADNQLSGSIPSSFGFLKGLEQLMLYNNSLQGNLPDSLISLRNLTRINLSHNRLNGTIHPLCGSSSYLSFDVTNNGFEDEIPLELGNSQNLDRLRLGKNQLTGKIPWTLGKIRELSLLDMSSNALTGTIPLQLVLCKKLTHIDLNNNFLSGPIPPWLGKLSQLGELKLSSNQFVESLPTELFNCTKLLVLSLDGNSLNGSIPQEIGNLGALNVLNLDKNQFSGSLPQAMGKLSKLYELRLSRNSLTGEIPVEIGQLQDLQSALDLSYNNFTGDIPSTIGTLSKLETLDLSHNQLTGEVPGSVGDMKSLGYLNVSFNNLGGKLKKQFSRWPADSFLGNTGLCGSPLSRCNRVRSNNKQQGLENLYFQ
6mf6_C-A,RARIERARSIEGAVQVSKGTG:GALSPGGTKQKYKEVVDIEAQRRLNDLAREARIRRAQQAVLRKELIATSTNVIKSEISLRILASECHLTLNGIVEAEAQYKMGGLPKSRLPKIKHPMIVTKWVDYSNKHGFSYQLSTEDIGVLFNNGTTVLRLADAEEFWYISYDDREGWVASHYLLSEKPRELSRHLEVVDFFAKYMKANLSRVSTFGREEYHKDDVFLRRYTRYKPFVMFELSDGTFQFNFKDHHKMAISDGGKLVTYISPSHESTTYPLVEVLKYGEIPGYPESNFREKLTLIKEGLKQKSTIVTVD
6sof_F-A,FVNQHLCGSHLVEALYLVCGERGFFYTPKT:HLYPGEVCPGMDIRNNLTRLHELENCSVIEGHLQILLMFKTRPEDFRDLSFPKLIMITDYLLLFRVYGLESLKDLFPNLTVIRGSRLFFNYALVIFEMVHLKELGLYNLMNITRGSVRIEKNNELCYLATIDWSRILDSVEDNYIVLNKDDNEECGDICPGTAKGKTNCPATVINGQFVERCWTHSHCQKVCPTICKSHGCTAEGLCCHSECLGNCSQPDDPTKCVACRNFYLDGRCVETCPPPYYHFQDWRCVNFSFCQDLHHKCKNSRRQGCHQYVIHNNKCIPECPSGYTMNSSNLLCTPCLGPCPKVCHLLEGEKTIDSVTSAQELRGCTVINGSLIINIRGGNNLAAELEANLGLIEEISGYLKIRRSYALVSLSFFRKLRLIRGETLEIGNYSFYALDNQNLRQLWDWSKHNLTITQGKLFFHYNPKLCLSEIHKMEEVSGTKGRQERNDIALKTNGDQASCENELLKFSYIRTSFDKILLRWEPYWPPDFRDLLGFMLFYKEAPYQNVTEFDGQDACGSNSWTVVDIDPPLRSNDPKSQNHPGWLMRGLKPWTQYAIFVKTLVTFSDERRTYGAKSDIIYVQTDATNPSVPLDPISVSNSSSQIILKWKPPSDPNGNITHYLVFWERQAEDSELFELDYCLKGLKLPSRTWSPPFESEDSQKHNQSEYEDSAGECCSCPKTDSQILKELEESSFRKTFEDYLHNVVFVPRPS
6q53_B-A,MENSISGLTEEQAKEFHEQFKVVFTTFVVLAAAAHFLVFLWRPWF:MSEYRPSRPSNPRDDWKLWLVVNPGTWLIPLLITFLATALIVHSFVFTHEAYNPLTYEVSE
6gc3_B-A,DDDEDDYTPSIS:MQQDDDFQNFVATLESFKDLKSGISGSRIKKLTTYALDHIDIESKIISLIIDYSRLCPDSHKLGSLYIIDSIGRAYLDETRSNSNSSSNKPGTCAHAINTLGEVIQELLSDAIAKSNQDHKEKIRMLLDIWDRSGLFQKSYLNAIRSKCFAMDLEHHHHHH
6ifc_B-A,SWDSWFDGEGASTDFMSTREQP:MLKFMLDTNTCIFTIKNKPEHIRERFNLNTSRMCISSITLMELIYGAEKSLAPERNLAVVEGFISRLEVLDYDTQAAIHTGQIRAELARKGTPVGPYDQMIAGHAGSRGLVVVTNNLREFERIPGIRIEDWC
6vo5_C-A,SGRGKGGKGLGAGGAKRHRK:GSKKLAEYKCNTNTAIELKLVRFPEDLENDIRTFFPEYTHQLFGDDETAFGYKGLKILLYYIAGSLSTMFRVEYASKVDENFDCVEADDVEGKIRQIIPPGFCTNTNDFLSLLEKEVDFKPFGTLLHTYSVLSPTGGENFTFQIYKADMTCRGFREYHERLQTFLMWFIETASFIDVDDERWHYFLVFEKYNKDGATLFATVGYMTVYNYYVYPDKTRPRVSQMLILTPFQGQGHGAQLLETVHRYYTEFPTVLDITAEDPSKSYVKLRDFVLVKLCQDLPCFSREKLMQGFNEDMAIEAQQKFKINKQHARRVYEILRLLVTD
6pbv_G-A,XKQPADGNPDPNANPX:QSALTQPASVSGSPGQSITISCTGTSSDVGSYNYVSWYQQHPGKAPKLMIYDVNTRPSGVSIRFSASKSGNTASLTVSGLQAEDEAVYYCSSYAGSSTWVFGGGTKLTVLGQPKAAPSVTLFPPSSEELQANKATLVCLISDFYPGAVTVAWKADSSPVKAGVETTTPSKQSNNKYAASSYLSLTPEQWKSHRSYSCQVTHEGSTVEKTVAPTECS
6r8i_B-A,SLPFTFKVPAPPPSLPPSW:SMTDTRRRVKVYTLNEDRQWDDRGTGHVSSGYVERLKGMSLLVRAESDGSLLLESKINPNTAYQKQQDTLIVWSEAENYDLALSFQEKAGCDEIWEKICQVQGKDPSVDITQDLVDES
6o5o_C-A,XQNGFDNPNYQPQENMQA:GPEKTDEYLLARFKGDGVKYKAKLIGIDDVPDARGDKMSQDSMMKLKGMAAAGRSQGQHKQRIWVNISLSGIKIIDEKTGVIEHEHPVNKISFIARDVTDNRAFGYVCGGEGQHQFFAIKTGQQAEPLVVDLKDLFQVIYNVKKKEEEKKKIEEASKAVEN
5qu2_D-A,XPPPVPNPDYX:SMAEEVVVVAKFDYVAQQEQELDIKKNERLWLLDDSKSWWRVRNSMNKTGFVPSNYVERK
6pnj_M-I,MSISDTQVYIALVVALVPGFLAWRLATELYK:MMVDMTQLTGDYAASWLPWIMIPLVFYILPFPVFAILFLWIQKEASEEIKETDNNLAEIGELEVPNS
6qmp_A-C,XVNAKQYHRILKRRQARAKLEAEGKIPKERX:GPMEEIRNLTVKDFRVQELPLARIKKIMKLDEDVKMISAEAPVLFAKAAQIFITELTLRAWIHTEDNKRRTLQRNDIAMAITKFDQFDFLIDIVPR
6o23_E-A,NANPNANPNANPNANPNANP:QVQLVESGGGVVQPGRSLRLSCAASGFTFSSYGMHWVRQAPGKGLEWVAVIWYDGSNKYYADSVKGRFTISRDNSKNTLYLQMNSLRAEDTAVYYCARALDDASSTSCCALDYWGQGTLVTVSSASTKGPSVFPLAPSSKSTSGGTAALGCLVKDYFPEPVTVSWNSGALTSGVHTFPAVLQSSGLYSLSSVVTVPSSSLGTQTYICNVNHKPSNTKVDKRVEPKSC
6rqf_G-A,MIEVFLFGIVLGLIPITLAGLFVTAYLQYRRGDQLDL:MSKVYDWFEERLEIQAIADDITSKYVPPHVNIFYCLGGITLTCFLVQVATGFAMTFYYRPTVTDAFASVQYIMTEVNFGWLIRSVHRWSASMMVLMMILHVFRVYLTGGFKKPRELTWVTGVVLGVLTASFGVTGYSLPWDQIGYWAVKIVTGVPDAIPVIGSPLVELLRGSASVGQSTLTRFYSLHTFVLPLLTAVFMLMHFLMIRKQGISGPL
6i85_B-A,SSGQISIQPTFSVQRNLPFDRPTIMAA:NATEIRASVGKMIDGIGRFYIQMCTELKLSDYEGRLIQNSLTIERMVLSAFDTGGPIYRRVDGKWRRELILYDKEEIRRIWRQANNGDDATAGLTHMMIWHSNLNDATYQRTRALVRTGMDPRMCSLMQGSTLPRRSGAAGAAVKGVGTMVMELIRMIKRGINRRTRIAYERMCNILKGKFQTAAQRTMVDQVRESRNPGNAEFEDLIFLARSALILRGSVAHKSCLPACVYGSAVASGYDFEREGYSLVGIDPFRLLQNSQVYSLIRPNENPAHKSQLVWMACHSAAFEDLRVSSFIRGTKVVPRGKLSTRGVQIASNENMETMESSTLELRSRYWAIRTRSGGNTSDMRTEIIRLMESARPEDVSFQGRGVFELSDEKATSPIVPSFDMSNEGSYFF
6oyy_A-B,MLRTMLKSKIHRATVTCADLHYVG:XVTIDADLMDAADLLEGEQVTIVDIDNGARLVTYAITGERGSGVIGINGAAAHLVHPGDLVILIAYATMDDARARTYQPRIVFVDAYNKPIDMGHDPAFVPENAGELLDPRLGVGLEHHHHHH
6p9x_P-R,SEEPPISLDLTFHLLREVLEMARAEQLAQQAHSNRKLMEII:DYKDDDDLEVLFQGPASLQDQHCESLSLASNISGLQCNASVDLIGTCWPRSPAGQLVVRPCPAFFYGVRYNTTNNGYRECLANGSWAARVNYSECQEILNEEKKSKVHYHVAVIINYLGHCISLVALLVAFVLFLRLRSIRCLRNIIHWNLISAFILRNATWFVVQLTMSPEVHQSNVGWCRLVTAAYNYFHVTNFFWMFGEGCYLHTAIVLTYTTDRLRKWMFICIGWGVPFPIIVAWAIGKLYYDNEKCWFGKRPGVYTDYIYQGPMILVLLINFIFLFNIVRILMTKLRASTTSETIQYRKAVKATLVLLPLLGITYMLFFVNPGEDEVSRVVFIYFNSFLESFQGFFVSVFYCFLNSEVRSAIRKRWHRWQDKHSIRARVARAMSIPTSPTRVSFHSIKQSTAVPAGLEVLFQGPHHHHHHHH
6qbb_P-A,XSAWSHPQFEKX:MEAGITGTWYNQLGSTFIVTAGADGALTGTYVTARGNAESRYVLTGRYDSAPATDGSGTALGWTVAWKNNYRNAHSATTWSGQYVGGAEARINTQWLLTSGTTEENAGYSTLVGHDTFTKVKPSAAS
6iur_C-A,STMDWEVERAELQARIAFLQGERKGQENLKKDLVRRIKMLEYALKQERAK:GSPEFDSLYPIAVLIDELRNEDVQLRLNSIKKLSTIALALGVERTRSELLPFLTDTIYDEDEVLLALAEQLGTFTTLVGGPEYVHCLLPPLESLATVEETVVRDKAVESLRAISHEHSPSDLEAHFVPLVKRLAGGDWFTSRTSACGLFSVCYPRVSSAVKAELRQYFRNLCSDDTPMVRRAAASKLGEFAKVLELDNVKSEIIPMFSNLASDEQDSVRLLAVEACVNIAQLLPQEDLEALVMPTLRQAAEDKSWRVRYMVADKFTELQKAVGPEITKTDLVPAFQNLMKDCEAEVRAAASHKVKEFCENLSADCRENVIMSQILPCIKELVSDANQHVKSALASVIMGLSPILGKDNTIEHLLPLFLAQLKDECPEVRLNIISNLDCVNEVIGIRQLSQSLLPAIVELAEDAKWRVRLAIIEYMPLLAGQLGVEFFDEKLNSLCMAWLVDHVYAIREAATSNLKKLVEKFGKEWAHATIIPKVLAMSGDPNYLHRMTTLFCINVLSEVCGQDITTKHMLPTVLRMAGDPVANVRFNVAKSLQKIGPILDNSTLQSEVKPILEKLTQDQDVDVKYFAQEALTVLSLA
6v63_Y-A,TLKYPIEQGIVTNWDDMEKIWHH:GSMGKKSRVKTQKSGTGATATVSPKEILNLTSELLQKCSSPAPGPGKEWEEYVQIRTLVEKIRKKQKGLSVTFDGKREDYFPDLMKWASENGASVEGFEMVNFKEEGFGLRATRDIKAEELFLWVPRKLLMTVESAKNSVLGPLYSQDRILQAMGNIALAFHLLCERASPNSFWQPYIQTLPSEYDTPLYFEEDEVRYLQSTQAIHDVFSQYKNTARQYAYFYKVIQTHPHANKLPLKDSFTYEDYRWAVSSVMTRQNQIPTEDGSRVTLALIPLWDMCNHTNGLITTGYNLEDDRCECVALQDFRAGEQIYIFYGTRSNAEFVIHSGFFFDNNSHDRVKIKLGVSKSDRLYAMKAEVLARAGIPTSSVFALHFTEPPISAQLLAFLRVFCMTEEELKEHLLGDSAIDRIFTLGNSEFPVSWDNEVKLWTFLEDRASLLLKTYKTTIEEDKSVLKNHDLSVRAKMAIKLRLGEKEILEKAVKSAAVNREYYRQQMEEKAPLPKYEESNLGLLESSVGDSRLPLVLRNLEEEAGVQDALNIREAISKAKATENGLVNGENSIPNGTRSENESLNQESKRAVEDAKGSSSDSTAGVKE
6s0y_C-A,MSLLTEVETPIRNEWGCRCNDSS:QVQLQESGGGLVQTGGSLRLSCAFSGFTSDDYVIGWFRQAPGKGRQGVSCIRLSGGGTIYADSAKGRFTVSADNAKKTVYLQMTRLKPEDTAVYYCGAERYNVEGCGYDVAYWGKGTQVTVSS
6u39_B-A,SNADEVTVGKFYATFLIQEYFRKFKKRKEQGLVGKPS:ADQLTEEQIAEFKEAFSLFDKDGDGTITTKELGTVMRSLGQNPTEAELQDMINEVDADGNGTIDFPEFLTMMARKMKDTDSEEEIREAFRVFDKDGNGYISAAELRHVMTNLGEKLTDEEVDEMIREAGIDGDGQVNYEEFVQMMTAK
6i3z_B-A,EAIPMSIPPEVKFNKPFVFLMIEQNTKSPLFMGKVVNPTQK:MRGSDPQGDAAQKTDTSHHDQDHPTFNKITPNLAEFAFSLYRQLAHQSNSTNIFFSPVSIATAFAMLSLGTKADTHDEILEGLNFNLTEIPEAQIHEGFQELLRTLNQPDSQLQLTTGNGLFLSEGLKLVDKFLEDVKKLYHSEAFTVNFGDTEEAKKQINDYVEKGTQGKIVDLVKELDRDTVFALVNYIFFKGKWERPFEVKDTEEEDFHVDQVTTVKVPMMKRLGMFNIQHCKKLSSWVLLMKYLGNATAIFFLPDEGKLQHLENELTHDIITKFLENEDRRSASLHLPKLSITGTYDLKSVLGQLGITKVFSNGADLSGVTEEAPLKLSKAVHKAVLTIDEKGTEAAGAMFL
6p8s_E-A,SNAEVMEFNP:MSTVATYSYTHSVTYVTDNILKSLKDIILLSGLDPEHFADRWESNTRAIKTWLGTGDLRKVILEIYNPATDKLVTRWDIDIVYGWSDGDGSFWTDTEQLKYAIKKAGLLPSQAKYKLMLDTKPGRPDVEGWSKGSYRSTDGMVKQSLGSTVEHSGLAGQAGYWRQR
6j8y_D-C,SKPIDHSTITSWVSPDFDTA:MPLLTQQIQDEDDQYSLVASLDNVRNLSTILKAIHFREHATCFATKNGIKVTVENAKCVQANAFIQAGIFQEFKVQEESVTFRINLTVLLDCLSIFGSSPMPGTLTALRMCYQGYGYPLMLFLEEGGVVTVCKINTQEPEETLDFDFCSTNVINKIILQSEGLREAFSELDMTSEVLQITMSPDKPYFRLSTFGNAGSSHLDYPKDSDLMEAFHCNQTQVNRYKISLLKPSTKALVLSCKVSIRTDNRGFLSLQYMIRNEDGQICFVEYYCCPDEEVPESES
6e5n_A-B,GPLGSPEFIENDEAFAILDGGAPG:GPLGSRPKMTPEQMAKEMSEFLSRGPAVLATKAAAGTKKYDLSKWKYAELRDTINTSCDIELLAACREEFHRRLKVYHAWKSKNKKR
6l7c_S-A,GVVPQYGGGGNHGGGGNNSGPN:MQRLFLLVAVMLLSGCLTAPPKEAARPTLMPRAQSYKDLTHLPAPTGKIFVSVYNIQDETGQFKPYPASNFSTAVPQSATAMLVTALKDSRWFIPLERQGLQNLLNERKIIRAAQENGTVAINNRIPLQSLTAANIMVEGSIIGYESNVKSGGVGARYFGIGADTQYQLDQIAVNLRVVNVSTGEILSSVNTSKTILSYEVQAGVFRFIDYQRLLEGEVGYTSNEPVMLCLMSAIETGVIFLINDGIDRGLWDLQNKAERQNDILVKYRHMSVPPES
6qxz_B-A,ARTKQTARY:GSRRASVGSEFTESAWVRCDDCFKWRRIPASVVGSIDESSRWICMNNSDKRFADCSKSQEMSNEEINEELGIGQDEADA
6rm8_C-A,GPMVDDFGENLLRSFGWDGKMRGKVKEVKRYANLAGLGARNVKEAED:GPLGSPEFTPEQRLLKQKIEEAERAQRTIQEVRKSLPVYAYRDAFLDAVKEYQVLILVGETGSGKTTQIPQYLHEAGYTKGNRKIACTQPRRVAAMSVAARVADEMGVRLGHEVGYSIRFEDCTSEKTILKYMTDGMLLREMVTSPDLADYSCIMIDEAHERTVHTDILLALIKDLTRARPELRLIISSATLNAEKFSAYFDDAPIFNVPGRVHPVEVYYTSAPESNYLEAALVTVFQIHATQPEGDILVFLTGQEEIERACERVEEIRRKLGKRVPEIIALPIYSNMPSEMQAKIFEPTPPGARKVVFSTNIAETSLTIDGIVYVIDSGYVKENTFSPVGTTGQSTLAVVPCSRAAANQRMGRAGRVKPGKCFRLYTKYAYLSEMDESPTPEIQRTSLSSVVLQLKALGIDDLLGFDFLDPPPTELLIKSLNMLYALGALNSAGQLTRVGRQMGEFPTEPMLAKALIAATQEGCVSEVLTIVSMLGEVGTLFFRPKDKKVHADSARARFTVRDGGDHLTLLNIYNQWVEAEYSPIWARENFLAQRSLTRARDVRDQLAKLCDRILDGSEASCGGVNNPTPILRALTAAFFLNAARLNRAGDGYRTLKNNITVYVHPSSVVRGMDPPPKVIIYHELVVTSKEYVRSVIPVEPRWLSEFGA
6k61_M-B,MSSISDTQVYIALVVALIPGLLAWRLATELYK:MATKFPKFSQDLAQDPTTRRIWYAMAMGNDFESHDGMTEENLYQKIFATHFGHLAIIFLWASSLLFHVAWQGNFEQWIKDPLHVRPIAHAIWDPHFGKPAIEAFTQAGANGPVNIAYSGVYHWWYTIGMRTNTELYTGSVFLLLFASLFLFAGWLHLQPKFRPSLAWFKSAESRLNHHLAGLFGVSSLAWAGHLIHVAIPESRGQHVGWDNFLSTAPHPAGLQPFFTGNWGVYAQNPDTAGHIFSTSQGAGTAILTFLGGFHPQTESLWLTDMAHHHLAIAVLFIVAGHMYRTNFGIGHSIKEMMNAKTFFGKPVEGPFNMPHQGIYDTYNNSLHFQLGWHLACLGVVTSWVAQHMYSLPSYAFIAKDYTTQAALYTHHQYIAIFLMVGAFAHGAIFLVRDYDPEQNKGNVLERVLQHKEAIISHLSWVSLFLGFHTLGLYVHNDVVVAFGTPEKQILIEPVFAQFIQAAHGKVLYGLDTLLSNPDSVAYTAYPNYANVWLPGWLDAINSGTNSLFLTIGPGDFLVHHAIALGLHTTTLILVKGALDARGSKLMPDKKDFGYAFPCDGPGRGGTCDISAWDSFYLSLFWALNTVGWVTFYWHWKHLGIWQGNVAQFNENSTYLMGWFRDYLWANSAQLINGYNPYGVNNLSVWAWMFLFGHLVWATGFMFLISWRGYWQELIETLVWAHERTPIANLVRWKDKPVALSIVQARVVGLAHFTVGYVLTYAAFLIASTAGKFG
6pwc_B-R,RRPYIL:APSSELDVNTDIYSKVLVTAVYLALFVVGTVGNTVTAFTLARKKSLQSLQSTVHYHLGSLALSDLLTLLLAMPVELYNFIWVHHPWAFGDAGCRGYYFLRDACTYATALNVASLSVERYLAICHPFKAKTLMSRSRTKKFISAIWLASALLAVPMLFTMGEQNRSADGQHAGGLVCTPTIHTATVKVVIQVNTFMSFIFPMVVISVLNTIIANKLTVMVRQAAEQGQVCTVGGEHSTFSMAIEPGRVQALRHGVRVLRAVVIAFVVCWLPYHVRRLMFCYISDEQWTPFLYDFYHYFYMVTNALFYVSSTINPILYNLVSANFRHIFLATLACLCPVWRRRRKRPAFSRKADSVSSNHTLSSNATRETLY
6kmj_C-A,TARKSTGGKAPRKQLAY:SLGIFPTVEKLVEEMREQLDEVDSHPRTSIFEKLPSKRDYPDYFKVIEKPMAIDIILKNCKNGTYKTLEEVRQALQTMFENARFYNEEGSWVYVDADKLNEFTDEWFKEHSS
6o51_C-A,YLVVVGAVGV:GSHSMRYFFTSVSRPGRGEPRFIAVGYVDDTQFVRFDSDAASQRMEPRAPWIEQEGPEYWDGETRKVKAHSQTHRVDLGTLRGYYNQSEAGSHTVQRMYGCDVGSDWRFLRGYHQYAYDGKDYIALKEDLRSWTAADMAAQTTKHKWEAAHVAEQLRAYLEGTCVEWLRRYLENGKETLQRTDAPKTHMTHHAVSDHEATLRCWALSFYPAEITLTWQRDGEDQTQDTELVETRPAGDGTFQKWAAVVVPSGQEQRYTCHVQHEGLPKPLTLRW
6u3i_B-A,XWNLKRISLLR:MGTVSSRRSWWPLPLLLLLLLLLGPAGARAQEDEDGDYEELVLALRSEEDGLAEAPEHGTTATFHRCAKDPWRLPGTYVVVLKEETHLSQSERTARRLQAQAARRGYLTKILHVFHGLLPGFLVKMSGDLLELALKLPHVDYIEEDSSVFAQSIPWNLERITPPRYRADEYQPPDGGSLVEVYLLDTSIQSDHREIEGRVMVTDFENVPEEDGTRFHRQASKCDSHGTHLAGVVSGRDAGVAKGASMRSLRVLNCQGKGTVSGTLIGLEFIRKSQLVQPVGPLVVLLPLAGGYSRVLNAACQRLARAGVVLVTAAGNFRDDACLYSPASAPEVITVGATNAQDQPVTLGTLGTNFGRCVDLFAPGEDIIGASSDCSTCFVSQSGTSQAAAHVAGIAAMMLSAEPELTLAELRQRLIHFSAKDVINEAWFPEDQRVLTPNLVAALPPSTHGAGWQLFCRTVWSAHSGPTRMATAIARCAPDEELLSCSSFSRSGKRRGERMEAQGGKLVCRAHNAFGGEGVYAIARCCLLPQANCSVHTAPPAEASMGTRVHCHQQGHVLTGCSSHWEVEDLGTHKPPVLRPRGQPNQCVGHREASIHASCCHAPGLECKVKEHGIPAPQEQVTVACEEGWTLTGCSALPGTSHVLGAYAVDNTCVVRSRDVSTTGSTSEEAVTAVAICCRSRHLAQASQELQHHHHHHHH
6t2d_B-A,LTFEQYWAQLESAA:METLVRPKPELLKLLKSVGAQKDTYTMKEVLFYLGQYIMTKRLYDEKQQHIVYCSNDLLGDLFGVPSFSVKEHRKIYTMIYRNLVV
6i42_B-A,VVHGVATVAEKTK:VNPTVFFDIAVDGEPLGRVSFELFADKVPKTAENFRALSTGEKGFGYKGSCFHRIIPGFMCQGGDFTRHNGTGGKSIYGEKFEDENFILKHTGPGILSMANAGPNTNGSQFFICTAKTEWLDGKHVVFGKVKEGMNIVEAMERFGSRNGKTSKKITIADCGQLE
6kvm_C-A,PGDSDIIRSMPEQTSEK:LKPHVLLQAEFYQRSEGPDKAWAQFGFHFDADELFHVELDAAQTVWRLPEFGRFASFEAQGALQNMAVGKQNLEVMISNSNRSQQDFVTPELALFPAEAVSLEEPNVLICYADKFWPPVATMEWRRNGAVVSEGVYDSVYYGRPDLLFRKFSYLPFVPQRGDVYSCAVRHWGAEGPVQRMWEPEVPEPPSESSA
6qns_S-A,GEGKEDAFSKLKEKFMNELHK:GSHMASMNSEILNNIILNLRYKDNNLIDLSGYGAKVEVYDGVELNDKNQFKLTSSANSKIRVTQNQNIIFNSVFLDFSVSFWIRIPKYKNDGIQNYIHNEYTIINCMKNNSGWKISIRGNRIIWTLIDINGKTKSVFFEYNIREDISEYINRWFFVTITNNLNNAKIYINGKLESNTDIKDIREVIANGEIIFKLDGDIDRTQFIWMKYFSIFNTELSQSNIEERYKIQSYSEYLKDFWGNPLMYNKEYYMFNAGNKNSYIKLKKDSPVGEILTRSKYNQNSKYINYRDLYIGEKFIIRRKSNSQSINDDIVRKEDYIYLDFFNLNQEWRVYTYKYFKKEEEKLFLAPISDSDEFYNTIQIKEYDEQPTYSCQLLFKKDEESTDEIGLIGIHRFYESGWWFEEYKDYFCISKWYLKEVKRKPYNLKLGCNWQFIPKDEGWTE
